廖本军,123456,经销商,账号密码正确,18323109312,用户对应的手机号正确
刘全来,123456,财务,账号密码正确,15632145687,用户对应的手机号错误
李平B,123456,接单员,账号密码正确,125555,手机号错误
admin,123456,超级管理员,账号密码正确,11111111111,手机号错误
哦哦哦,123456,,账号错误,1.84E+11,手机号错误
alaooisjjj,123456,,账号错误,15655555855,手机号错误
#￥%*&%…,123456,,账号错误,就是的空间,手机号错误
9,123456,,账号错误,*）（**,手机号错误
yGJ78级,123456,,账号错误,454;lpp,手机号错误
框,123456,,账号错误,hjjo(9k返回I7,手机号错误
*,123456,,账号错误,,
4*……,123456,,账号错误,,
dnfjKFJK,123456,,账号错误,,
U,123456,,账号错误,,
说得 好456,123456,,账号错误,,
咯*（（））,123456,,账号错误,,
54655,123456,,账号错误,,
248gvjhk老师了两个框架,123456,,账号错误,,
李平B,刚刚,,密码错误,,
liuquanlai,111111,,密码错误,,
测试,#%…………,,密码错误,,
admin,FFffjkk/,,密码错误,,
廖本军,hdjfn524343,,密码错误,,
刘全来,BDJH-烤火费个就55,,密码错误,,
1,d,,密码错误,,
